drinkID	przepNo	przepOpis	przepOpcja
alexander	1	Do shakera wsyp kostki lodu.	0
alexander	2	Wlej wszystkie składniki.	0
alexander	3	Wstrząśnij.	0
alexander	4	Przelej do schłodzonego kieliszka do koktajli.	0
alexander	5	Posyp świeżo zmielonym gałką muszkatołową na wierzchu.	0
americano	1	Do szklanki dowhiskey wsyp kostki lodu.	0
americano	2	Dolej składniki i wymieszaj bezpośrednio w szklance.	0
americano	3	Dodaj odrobinę wody sodowej.	0
americano	4	Delikatnie wymieszaj.	0
americano	5	Udekoruj połówką plastra pomarańczy i skórką cytryny.	0
angelface	1	Do shakera wsyp kostki lodu.	0
angelface	2	Wlej wszystkie składniki.	0
angelface	3	Wstrząśnij.	0
angelface	4	Przelej do schłodzonego kieliszka do koktajli.	0
armageddon	1	Wlej sok z mango, rum, malibou oraz grenadynę do shakera bez lodu.	0
armageddon	2	Wstrząśnij.	0
armageddon	3	Przecedź do szklanki wypełnionej lodem.	0
armageddon	4	Wlej sok z pomarańczy i sok z cytryny do shakera. 	0
armageddon	5	Wstrząśnij.	0
armageddon	6	Po odwróconej łyżce wlej delikatnie by utworzyć drugą warstwę.	0
aviation	1	Do shakera wsyp kruszony lód.	0
aviation	2	Wlej wszystkie składniki.	0
aviation	3	Wstrząśnij.	0
aviation	4	Przelej do schłodzonego kieliszka do koktajli.	0
b52	1	Wlej do kieliszka likier kawowy (najlepiej Kahlua)	0
b52	2	Po odwróconej łyżce dolej delikatnie Baileys	0
b52	3	Po odwróconej łyżce delikatnie dolej Cointreau.	0
barracuda	1	Wypełnij lodem szklankę highball.	0
barracuda	2	Do shakera wsyp kostki lodu.	0
barracuda	3	Wlej wszystkie składniki oprócz prosecco.	0
barracuda	4	Mocno wstrząśnij.	0
barracuda	5	Odcedź zawartość do schłodzonej szklanki.	0
barracuda	6	Dopełnij Prosecco.	0
beesknees	1	Do shakera wlej miód i sok z cytryny oraz pomarańczy.	0
beesknees	2	Wymieszaj aż składniki się rozpuszczą.	0
beesknees	3	Dodaj kostki lodu.	0
beesknees	4	Dodaj gin i wstrząśnij.	0
beesknees	5	Przelej do schłodzonego kieliszka do koktajli.	0
bellini	1	Wsyp lód do szklanicy barmańskiej.	0
bellini	2	Wlej puree brzoskwiniowe oraz proseco.	0
bellini	3	Delikatnie wymieszaj.	0
bellini	4	Przelej do schłodzonego kieliszka do szampana.	0
bemylover	1	Wyciśnij imbir praską do shakera.	0
bemylover	2	Obierz kiwi i pokrój na małe kawałki - wrzuć do shakera.	0
bemylover	3	Wlej sok z cytryny.	0
bemylover	4	Ugnieć.	0
bemylover	5	Dodaj gin oraz lód.	0
bemylover	6	Wstrząśnij.	0
bemylover	7	Przelej całą zawartość shakera do szklanki.	0
bemylover	8	Uzupełnij Spritem.	0
betweenthesheets	1	Wsyp lód do shakera.	0
betweenthesheets	2	Dodaj wszystkie składniki do shakera.	0
betweenthesheets	3	Wstrząśnij.	0
betweenthesheets	4	Przelej do schłodzonego kieliszka do koktajli.	0
billiejean	1	Wsyp lód do shakera.	0
billiejean	2	Wlej wszystkie składniki do shakera.	0
billiejean	3	Wstrząśnij.	0
billiejean	4	Przecedź do 3 kieliszków 50ml.	0
blackrussian	1	Wsyp lód do szklanki typu old fashioned	0
blackrussian	2	Wlej składniki do szklanki.	0
blackrussian	3	Delikatnie wymieszaj.	0
bloodymary	1	Wsyp lód do szklanicy barmańskiej.	0
bloodymary	2	Wlej wszystkie składniki.	0
bloodymary	3	Delikatnie wymieszaj	0
bloodymary	4	Przelej do szklanki typu rocks.	0
bloodymary	5	Jeśli podajesz z lodem, przelej do szklanki typu highball.	0
bluepinacolada	1	Wlej wszystkie składniki do shakera z 2-3 kostkami lodu.	0
bluepinacolada	2	Energicznie wstrząsaj tak, by składniki się połączyły i mleczko się spieniło.	0
bluepinacolada	3	Przecedź do szklanki.	0
boombastic	1	Pokrój pomarańczę w połówki plastrów, wrzuć do szklanki.	0
boombastic	2	Dodaj miętę i ugnieć.	0
boombastic	3	Dodaj wódkę, kostki lodu.	0
boombastic	4	Delikatnie zamieszaj łyżką.	0
boombastic	5	Uzupełnij Spritem.	0
bornintheusa	1	Wsyp lód do shakera.	0
bornintheusa	2	Wlej wszystkie składniki do shakera.	0
bornintheusa	3	Wstrząśnij.	0
bornintheusa	4	Przecedź do kieliszka.	0
boulevardier	1	Wsyp lód do szklanicy barmańskiej.	0
boulevardier	2	Wlej wszystkie składniki.	0
boulevardier	3	Dobrze wymieszaj.	0
boulevardier	4	Przelej do schłodzonego kieliszka do koktajli.	0
boulevardier	5	Ozdób skórką pomarańczową.	0
bramble	1	Wsyp lód do shakera.	0
bramble	2	Wlej wszystkie składniki do shakera, oprócz Crème de Mûre.	0
bramble	3	Wstrząśnij dobrze z lodem.	0
bramble	4	Wsyp kruszony lód do szklanki typu old fashioned.	0
bramble	5	Przelej składniki do szklanki.	0
bramble	6	Wlej likier jeżynowy (Crème de Mûre) na wierzch drinka, ruchem okrężnym.	0
brandycrusta	1	Wsyp lód do szklanicy barmańskiej.	0
brandycrusta	2	Wymieszaj wszystkie składniki w szklanicy	0
brandycrusta	3	Przecedź do przygotowanej wąskiej szklanki koktajlowej.	0
brandycrusta	4	Przetrzyj plasterek pomarańczy (lub cytryny) wokół brzegu szklanki i zanurz go w rozdrobnionym białym cukrze, aby cukier przylegał do krawędzi szklanki. Ostrożnie, tworząc delikatny krąg.	0
brandycrusta	5	Umieść skórkę pomarańczy / cytryny wewnątrz szklanki.	0
caipirinha	1	Umieść limonkę i cukier w szklance old fashioned i delikatnie rozgnieć.	0
caipirinha	2	Napełnij szklankę kruszonym lodem i dodaj Cachaça.	0
caipirinha	3	Delikatnie wymieszaj, aby składniki się połączyły.	0
caipiroska	1	Umieść limonkę i cukier w podwójnej szklance typu old fashioned i delikatnie rozgnieć.	0
caipiroska	2	Napełnij szklankę kruszonym lodem i dodaj wódkę.	0
caipiroska	3	Delikatnie wymieszaj, aby składniki się połączyły.	0
canchanchara	1	Wymieszaj miód z wodą i sokiem z limonki.	0
canchanchara	2	Rozsmaruj mieszankę na dnie i ściankach szklanki.	0
canchanchara	3	Dodaj kruszony lód	0
canchanchara	4	Dodaj rum.	0
canchanchara	5	Energicznie mieszaj od dołu do góry.	0
canchanchara	6	Udekoruj plasterkiem limonki.	0
captainjack	1	Wsyp lód do shakera.	0
captainjack	2	Wlej wszystkie składniki do shakera.	0
captainjack	3	Wstrząśnij.	0
captainjack	4	Przecedź do szklanki (bez lodu).	0
casino	1	Wsyp lód do shakera.	0
casino	2	Wlej wszystkie składniki do shakera	0
casino	3	Dobrze wstrząśnij.	0
casino	4	Odcedź do schłodzonej szklanki typu rocks z lodem.	0
casino	5	Ozdób skórką cytryny i wiśnią maraschino.	0
casinoroyale	1	Wsyp lód do shakera.	0
casinoroyale	2	Wlej wszystkie składniki do shakera.	0
casinoroyale	3	Wstrząśnij.	0
casinoroyale	4	Przecedź do szklanki.	0
castaway	1	Wsyp lód do shakera.	0
castaway	2	Wlej wszystkie składniki do shakera.	0
castaway	3	Wstrząśnij.	0
castaway	4	Przecedź do szklanki wypełnionej lodem.	0
champagnecocktail	1	Umieść kostkę cukru w dużym kieliszku do szampana	0
champagnecocktail	2	Dodaj 2 krople bittersa	0
champagnecocktail	3	Dodaj koniak.	0
champagnecocktail	4	Delikatnie wlej schłodzony szampan.	0
champagnecocktail	5	Ozdób skórką pomarańczy i wiśnią maraschino.	0
cloverclub	1	Wsyp lód do shakera.	0
cloverclub	2	Wlej wszystkie składniki do shakera	0
cloverclub	3	Dobrze wstrząśnij z lodem.	0
cloverclub	4	Odcedź do schłodzonej szklanki koktajlowej.	0
cloverclub	5	Ozdób świeżymi malinami.	0
cocoextasy	1	Wypełnij szklankę lodem.	0
cocoextasy	2	Wlej syrop curacao.	0
cocoextasy	3	Delikatnie wlej po odwróconej łyżce sok ananasowy.	0
cocoextasy	4	Do shakera wlej likier curacao, malibou wódkę - bez lodu.	0
cocoextasy	5	Wstrząśnij.	0
cocoextasy	6	Delikatnie wlej po odwróconej łyżce by utworzyć trzecią warstwę.	0
coolnight	1	Wsyp lód do shakera.	0
coolnight	2	Wlej wszystkie składniki oprócz Coli do shakera.	0
coolnight	3	Energicznie wstrząśnij.	0
coolnight	4	Przecedź do trzech kieliszków po 50ml.	0
corpsereviver2	1	Wsyp lód do shakera.	0
corpsereviver2	2	Wlej wszystkie składniki do shakera.	0
corpsereviver2	3	Dobrze wstrząśnij.	0
corpsereviver2	4	Odcedź do schłodzonej szklanki koktajlowej.	0
corpsereviver2	5	Ozdób skórką pomarańczy.	0
cosmopolitan	1	Wsyp lód do shakera.	0
cosmopolitan	2	Dodaj wszystkie składniki do shakera.	0
cosmopolitan	3	Dobrze wstrząśnij.	0
cosmopolitan	4	Odcedź do dużej szklanki koktajlowej.	0
cosmopolitan	5	Ozdób skręconą skórką cytryny.	0
costamesa	1	Na spód szklanki wypełnionej lodem wlej syrop blue curacao.	0
costamesa	2	Wlej sok pomarańczowy, syrop cukrowy  i 50 ml wódki do shakera bez lodu.	0
costamesa	3	Wstrząśnij.	0
costamesa	4	Przecedź delikatnie po odwróconej łyżce do szklanki tak by utworzyć warstwę.	0
costamesa	5	Sok z cytryny, 50 ml wódki i grenadynę wlej do shakera bez lodu.	0
costamesa	6	Wstrząśnij.	0
costamesa	7	Przecedź delikatnie po odwróconej łyżce do szklanki tak by utworzyć trzecią warstwę.	0
cottoneyejoe	1	Wsyp lód do shakera.	0
cottoneyejoe	2	Wlej wszystkie składniki do shakera.	0
cottoneyejoe	3	Wstrząśnij.	0
cottoneyejoe	4	Przecedź do szklanki wypełnionej lodem.	0
cottoneyejoe	5	Udekoruj pomarańczą i miętą.	0
cruelsummer	1	Wsyp lód do szklanki.	0
cruelsummer	2	Wlej rum, Malibou oraz sok z cytryny.	0
cruelsummer	3	Dopełnij sokiem ananasowym.	0
cruelsummer	4	Wlej powoli grenadynę tak by opadła i utworzyła gradient na dnie szklanki.	0
cubalibre	1	Wsyp lód do szklanki typu highball.	0
cubalibre	2	Dodaj wszystkie składniki.	0
cubalibre	3	Zamieszaj	0
cubalibre	4	Ozdób plasterkiem limonki.	0
czasapokalipsy	1	Wsyp lód do shakera.	0
czasapokalipsy	2	Wlej wszystkie składniki do shakera.	0
czasapokalipsy	3	Wstrząśnij.	0
czasapokalipsy	4	Przecedź czterech do kieliszków 30 - 40 ml.	0
daiquiri	1	Dodaj wszystkie składniki do shakera.	0
daiquiri	2	Dobrze wymieszaj, aby rozpuścić cukier.	0
daiquiri	3	Dodaj lód i wstrząśnij.	0
daiquiri	4	Przecedź do schłodzonej szklanki koktajlowej.	0
darknstormy	1	Wsyp lód do szklanki typu highball.	0
darknstormy	2	Wlej piwo imbirowe.	0
darknstormy	3	Delikatnie wlej rum, aby unosił się na powierzchni.	0
darknstormy	4	Ozdób plasterkiem limonki.	0
devilinside	1	Wsyp lód do shakera.	0
devilinside	2	Wlej wszystkie składniki do shakera.	0
devilinside	3	Wstrząśnij.	0
devilinside	4	Przecedź do szklanki.	0
dirtydancing	1	Wsyp lód do shakera.	0
dirtydancing	2	Wlej wszystkie składniki oprócz Sprite do shakera.	0
dirtydancing	3	Energicznie wstrząśnij.	0
dirtydancing	4	Przecedź do szklanki wypełnionej lodem.	0
dirtydancing	5	Uzupełnij Spritem.	0
dirtydancing	6	Wrzuć pół plasterka cytryny.	0
drymartini	1	Wsyp lód do szklalnicy barmańskiej.	0
drymartini	2	Wlej wszystkie składniki.	0
drymartini	3	Dobrze wymieszaj.	0
drymartini	4	Przecedź do schłodzonego kieliszka do martini.	0
drymartini	5	Wyciśnij olejek z skórki cytryny na napój.	0
dzidzi	2	Wsyp lód do shakera.	0
dzidzi	3	Wlej wszystkie składniki do shakera.	0
dzidzi	4	Wstrząśnij.	0
dzidzi	5	Przecedź do kieliszka.	0
easylover	1	Wsyp lód do shakera.	0
easylover	2	Wlej rum i sok pomarańczowy do shakera.	0
easylover	3	Wstrząśnij.	0
easylover	4	Przecedź do kieliszków.	0
easylover	5	Do każdego kieliszka dodaj kilka kropli syropu malinowego.	0
espressomartini	1	Wsyp lód do shakera.	0
espressomartini	2	Wlej wszystkie składniki do shakera.	0
espressomartini	3	Dobrze wstrząśnij.	0
espressomartini	4	Odcedź do schłodzonej szklanki koktajlowej.	0
eternalflame	1	Wsyp lód do shakera.	0
eternalflame	2	Wlej wszystkie składniki oprócz syropu malinowego do shakera.	0
eternalflame	3	Energicznie wstrząśnij.	0
eternalflame	4	Przecedź do szklanki wypełnionej lodem.	0
eternalflame	5	Dolej syrop malinowy tak by opadł na dno.	0
eyeofthetiger	1	Wlej sok pomarańczowy i grenadynę do shakera - bez lodu.	0
eyeofthetiger	2	Wstrząśnij.	0
eyeofthetiger	3	Przecedź do szklanki wypełnionej lodem.	0
eyeofthetiger	4	Wlej do shakera gin, sok cytrynowy i sok grapefruitowy - bez lodu.	0
eyeofthetiger	5	Wstrząśnij.	0
eyeofthetiger	6	Przelej po odwróconej łyżce delikatnie tak, by utworzyć warstwę.	0
fernandito	1	Wsyp lód do szklanki do whiskey.	0
fernandito	2	Wlej Fernet Branca.	0
fernandito	3	Dopełnij szklankę Colą.	0
fernandito	4	Delikatnie wymieszaj.	0
firestarter	1	Wsyp lód do shakera.	0
firestarter	2	Wlej wszystkie składniki oprócz soku grapefruitowego do shakera.	0
firestarter	3	Energicznie wstrząśnij.	0
firestarter	4	Przecedź do szklanki wypełnionej lodem.	0
firestarter	5	Uzupełnij sokiem grapefruitowym.	0
footloose	1	Wsyp lód do shakera.	0
footloose	2	Wlej wszystkie składniki oprócz Sprite do shakera.	0
footloose	3	Energicznie wstrząśnij.	0
footloose	4	Przecedź do szklanki wypełnionej lodem.	0
footloose	5	Uzupełnij Spritem.	0
freestyler	1	Wsyp lód do shakera.	0
freestyler	2	Wlej wszystkie składniki do shakera.	0
freestyler	3	Wstrząśnij.	0
freestyler	4	Przecedź do kieliszka.	0
french75	1	Wlej wszystkie składniki oprócz szampana do shakera.	0
french75	2	Dobrze wstrząśnij.	0
french75	3	Odcedź do kieliszka do szampana.	0
french75	4	Uzupełnij szampanem.	0
french75	5	Delikatnie wymieszaj.	0
frenchconnection	1	Wsyp lód do szklanki old fashioned.	0
frenchconnection	2	Wlej wszystkie składniki szklanki.	0
frenchconnection	3	Delikatnie wymieszaj.	0
frenchmartini	1	Wsyp lód do shakera.	0
frenchmartini	2	Wlej wszystkie składniki do shakera	0
frenchmartini	3	Dobrze wstrząśnij.	0
frenchmartini	4	Odcedź do schłodzonej szklanki koktajlowej.	0
frenchmartini	5	Wyciśnij olejek ze skórki cytryny na napój.	0
gangstaparadise	1	Wsyp lód do shakera.	0
gangstaparadise	2	Wlej wszystkie składniki do shakera.	0
gangstaparadise	3	Wstrząśnij.	0
gangstaparadise	4	Przecedź do szklanki z lodem.	0
ginfizz	1	Wsyp lód do shakera.	0
ginfizz	2	Wlej wszystkie składniki oprócz wody sodowej do shakera	0
ginfizz	3	Wstrząśnij.	0
ginfizz	4	Wlej do wąskiej, wysokiej szklanki typu Tumbler.	0
ginfizz	5	Dopełnij odrobiną wody sodowej.	0
ginfizz	6	Ozdób plasterkiem cytryny.	0
goldendream	1	Wsyp lód do shakera.	0
goldendream	2	Wlej wszystkie składniki.	0
goldendream	3	Wstrząśnij energicznie przez kilka sekund.	0
goldendream	4	Odcedź do schłodzonej szklanki koktajlowej.	0
grasshopper	1	Wsyp lód do shakera.	0
grasshopper	2	Wlej wszystkie składniki.	0
grasshopper	3	Wstrząśnij energicznie przez kilka sekund.	0
grasshopper	4	Odcedź do schłodzonej szklanki koktajlowej.	0
gromwraju	1	Wsyp lód do shakera.	0
gromwraju	2	Wlej wszystkie składniki do shakera.	0
gromwraju	3	Wstrząśnij.	0
gromwraju	4	Przecedź do szklanki wypełnionej lodem.	0
groundzero	1	Wypełnij szklankę kostkami lodu.	0
groundzero	2	Wlej na dno syrop curacao.	0
groundzero	3	Wlej do shakera sok z mango, rum i syrop cukrowy - bez lodu.	0
groundzero	4	Wstrząśnij.	0
groundzero	5	Po odwróconej łyżce delikatnie wlej do szklanki by utworzyć drugą warstwę.	0
groundzero	6	Wlej sok z cytryny i sok wiśniowy do shakera - bez lodu.	0
groundzero	7	Wstrząśnij.	0
groundzero	8	Po odwróconej łyżce wlej delikatnie do szklanki by utworzyć trzecią warstwę.	0
hankypanky	1	Wsyp lód do szklalnicy barmańskiej.	0
hankypanky	2	Wlej wszystkie składniki.	0
hankypanky	3	Dobrze wymieszaj.	0
hankypanky	4	Odcedź do schłodzonej szklanki koktajlowej.	0
hankypanky	5	Ozdób skórką pomarańczy.	0
heartbreaker	1	Wsyp lód do shakera.	0
heartbreaker	2	Wlej wszystkie składniki do shakera.	0
heartbreaker	3	Wstrząśnij.	0
heartbreaker	4	Przecedź do szklanki wypełnionej lodem.	0
hemingwayspecial	1	Wsyp lód do shakera.	0
hemingwayspecial	2	Wlej wszystkie składniki.	0
hemingwayspecial	3	Dobrze wstrząśnij.	0
hemingwayspecial	4	Odcedź do dużej szklanki koktajlowej.	0
horsesneck	1	Wsyp lód do szklanki highball..	0
horsesneck	2	Wlej koniak i ginger ale.	0
horsesneck	3	Delikatnie wymieszaj.	0
horsesneck	4	Jeśli wolisz, dodaj kilka kropli bittersa Angostura.	0
horsesneck	5	Ozdób spiralą skórki jednej cytryny.	0
illegal	1	Wsyp lód do shakera.	0
illegal	2	Wlej wszystkie składniki.	0
illegal	3	Wstrząśnij energicznie.	0
illegal	4	Odcedź do schłodzonej szklanki koktajlowej.	0
invisibleman	1	Udekoruj brzeg kieliszka crustą z syropu cukrowego i kawy rozpuszczalnej.	0
invisibleman	2	Wsyp lód do shakera.	0
invisibleman	3	Wlej wszystkie składniki do shakera.	0
invisibleman	4	Wstrząśnij.	0
invisibleman	5	Przecedź do kieliszka.	0
irishcoffee	1	Wlej czarną gorącą kawę do podgrzanej szklanki do irish coffee.	0
irishcoffee	2	Dodaj whiskey.	0
irishcoffee	3	Dodaj co najmniej łyżeczkę cukru.	0
irishcoffee	4	Mieszaj, aż cukier się rozpuści.	0
irishcoffee	5	Ostrożnie dodaj świeżej, schłodzonej, gęstej śmietany wlewając na łyżkę trzymaną tuż nad powierzchnią kawy. Warstwa śmietany powinna unosić się na kawie, nie mieszając się z nią.	0
irishcoffee	6	Zwykły cukier można zastąpić syropem cukrowym.	0
jacuzi	1	Rozgnieć dwie cząstki lemonki w shakerze.	0
jacuzi	2	Wsyp kostki lodu.	0
jacuzi	3	Wlej pozostałe składniki do shakera.	0
jacuzi	4	Wstrząśnij.	0
jacuzi	5	Do schłodzonej szklanki Collins wrzuć lód.	0
jacuzi	6	Odcedź koktail do szklanki.	0
johncollins	1	Wsyp lód do shakera.	0
johncollins	2	Wlej wszystkie składniki do szklanki typu highball.	0
johncollins	3	Delikatnie wymieszaj.	0
johncollins	4	Ozdób plasterkiem cytryny i wiśnią maraschino.	0
johnybravo	1	Wsyp lód do shakera.	0
johnybravo	2	Wlej wszystkie składniki do shakera.	0
johnybravo	3	Wstrząśnij.	0
johnybravo	4	Przecedź do szklanki wypełnionej lodem.	0
joyride	1	Wsyp lód do shakera.	0
joyride	2	Wlej wszystkie składniki do shakera.	0
joyride	3	Wstrząśnij.	0
joyride	4	Przecedź do szklanki wypełnionej lodem.	0
kamikaze	1	Wlej wszystkie składniki do shaker-a	0
kamikaze	2	Wstrząśnij	0
kamikaze	3	Przecedź do 3 kieliszków po 40 lub 4 po 30 ml.	0
kir	1	Wlej Crème de Cassis do kieliszka.	0
kir	2	Dopełnij białym winem.	0
kirroyal	1	Wlej Crème de Cassis do kieliszka.	0
kirroyal	2	Dopełnij szampanem.	0
kiwidaiquiri	1	Obierz kiwi i pokrój na małe kawałki.	0
kiwidaiquiri	2	Wrzuć do shakera i rozgnieć.	0
kiwidaiquiri	3	Wlej pozostałe składniki i lód.	0
kiwidaiquiri	4	Wstrząśnij.	0
kiwidaiquiri	5	Przecedź do kieliszka.	0
labamba	1	Sok pomarańczowy i syrop cukrowy wlej do shakera.	0
labamba	2	Wstrząśnij.	0
labamba	3	Wlej zawartość shakera do szklanki wypełnionej lodem.	0
labamba	4	Wlej sok z czarnej porzeczki, sok z cytryny i wódkę do shakera bez lodu.	0
labamba	5	Delikatnie odcedź do szklanki po odwróconej łyżce tak by utworzyć warstwę.	0
laislabonita	1	Wsyp lód do shakera.	0
laislabonita	2	Wlej wszystkie składniki oprócz wody sodowej do shakera.	0
laislabonita	3	Energicznie wstrząśnij.	0
laislabonita	4	Przecedź do szklanki z lodem.	0
laislabonita	5	Uzupełnij wodą sodową.	0
lastword	1	Wsyp lód do shakera.	0
lastword	2	Dodaj wszystkie składniki do shakera.	0
lastword	3	Wstrząśnij.	0
lastword	4	Odcedź do schłodzonej szklanki koktajlowej.	0
lemondropmartini	1	Wsyp lód do shakera.	0
lemondropmartini	2	Wlej wszystkie składniki do shakera.	0
lemondropmartini	3	Dobrze wstrząśnij.	0
lemondropmartini	4	Odcedź do schłodzonej szklanki koktajlowej.	0
lemondropmartini	5	Ozdób szklankę cukrową obwódką.	0
letsdance	1	Wsyp lód do shakera.	0
letsdance	2	Wlej wszystkie składniki do shakera.	0
letsdance	3	Wstrząśnij.	0
letsdance	4	Przecedź do szklanki wypełnionej lodem.	0
littlerock	1	Wsyp lód do shakera.	0
littlerock	2	Wlej wszystkie składniki do shakera.	0
littlerock	3	Wstrząśnij.	0
littlerock	4	Przecedź do 3 kieliszków 50ml.	0
longislandicetea	1	Wsyp lód do szklanki highball.	0
longislandicetea	2	Dodaj wszystkie składniki do szklanki.	0
longislandicetea	3	Delikatnie wymieszaj.	0
lowcaandroidow	1	Wlej wódkę i sok z cytryny do szklanki.	0
lowcaandroidow	2	Wrzuć kawałki cytryny do szklanki.	0
lowcaandroidow	3	Dodaj kostki lodu.	0
lowcaandroidow	4	Uzupełnij tonikiem.	0
maitai	1	Wsyp lód do shakera.	0
maitai	2	Dodaj wszystkie składniki.	0
maitai	3	Wstrząśnij.	0
maitai	4	Wlej do szklanki typu double rocks lub highball.	0
maitai	5	Ozdób szpikulcem ananasa, listkami mięty i skórką limonki.	0
manhattan	1	Wsyp lód do szklanicy barmańskiej.	0
manhattan	2	Wlej wszystkie składniki.	0
manhattan	3	Dobrze wymieszaj.	0
manhattan	4	Odcedź do schłodzonej szklanki koktajlowej.	0
manhattan	5	Ozdób wiśnią koktajlową.	0
maninthemirror	1	Wsyp lód do shakera.	0
maninthemirror	2	Wlej wszystkie składniki do shakera.	0
maninthemirror	3	Wstrząśnij.	0
maninthemirror	4	Przecedź do szklanki wypełnionej lodem.	0
maninthemirror	5	Udekoruj kawałkiem ananasa i miechunką.	0
margarita	1	Wsyp lód do shakera.	0
margarita	2	Dodaj wszystkie składniki.	0
margarita	3	Wstrząśnij.	0
margarita	4	Odcedź do schłodzonej szklanki koktajlowej.	0
margaritatruskawkowa	1	Rozgnieć truskawki w shakerze.	0
margaritatruskawkowa	2	Dodaj lód i pozostałe składniki.	0
margaritatruskawkowa	3	Wstrząśnij energicznie.	0
margaritatruskawkowa	4	Przelej do kieliszka.	0
marktwaincoctail	1	Nasyp lodu do shakera.	0
marktwaincoctail	2	Dodaj wszystkie składniki.	0
marktwaincoctail	3	Wstrząśnij	0
marktwaincoctail	4	Przecedź do schłodzonego kieliszka.	0
martinez	1	Wsyp lód do szklanicy barmańskiej.	0
martinez	2	Wlej wszystkie składniki.	0
martinez	3	Dobrze wymieszaj.	0
martinez	4	Odcedź do schłodzonej szklanki koktajlowej.	0
martinez	5	Ozdób skórką cytryny.	0
marypickford	1	Wsyp lód do shakera.	0
marypickford	2	Wlej wszystkie składniki.	0
marypickford	3	Dobrze wstrząśnij.	0
marypickford	4	Odcedź do schłodzonej szklanki koktajlowej.	0
miamivice	1	Wsyp lód do shakera.	0
miamivice	2	Wlej wódkę, grenadynę i sok z porzeczki do shakera	0
miamivice	3	Wstrząśnij.	0
miamivice	4	Przecedź do szklanki wypełnionej lodem.	0
miamivice	5	Dopełnij tonikiem.	0
mimosa	1	Wlej sok pomarańczowy do kieliszka typu flute.	0
mimosa	2	Delikatnie wlej wino musujące.	0
mimosa	3	Delikatnie wymieszaj.	0
mintjulep	1	W szklance Julep Stainless Steel delikatnie utłucz miętę z cukrem i wodą.	0
mintjulep	2	Napełnij szklankę kruszonym lodem.	0
mintjulep	3	Dodaj bourbon.	0
mintjulep	4	Dobrze wymieszaj, aż szklanka będzie skropiona szronem.	0
mintjulep	5	Ozdób gałązką mięty.	0
mojito	1	Wymieszaj gałązki mięty z cukrem i sokiem z limonki.	0
mojito	2	Dodaj odrobinę wody sodowej.	0
mojito	3	Napełnij szklankę lodem.	0
mojito	4	Wlej rum i dopełnij wodą sodową.	0
mojito	5	Delikatnie wymieszaj, aby składniki się połączyły.	0
mojito	6	Ozdób gałązkami mięty i plasterkiem limonki.	0
mojitozogorkiemiimbirem	1	Pokrój limonkę na 6 części.	0
mojitozogorkiemiimbirem	2	Wrzuć do szklanki, zasyp cukrem i ugnieć.	0
mojitozogorkiemiimbirem	3	Dodaj listki mięty, ogórka oraz imbir starty na tarce.	0
mojitozogorkiemiimbirem	4	Znowu ugnieć.	0
mojitozogorkiemiimbirem	5	Dodaj rum i lód kruszony.	0
mojitozogorkiemiimbirem	6	Delikatnie zamieszaj łyżką.	0
mojitozogorkiemiimbirem	7	Uzupełnij Spritem.	0
monkeygland	1	Wsyp lód do shakera.	0
monkeygland	2	Wlej wszystkie składniki.	0
monkeygland	3	Dobrze wstrząśnij.	0
monkeygland	4	Odcedź do schłodzonej szklanki koktajlowej.	0
moscowmule	1	W szklance typu Mule Cup lub rocks, połącz wódkę z piwem imbirowym.	0
moscowmule	2	Dodaj sok z limonki.	0
moscowmule	3	Delikatnie wymieszaj, aby składniki się połączyły.	0
moscowmule	4	Ozdób plasterkiem limonki.	0
mrocznyrycerz	1	Wsyp lód do shakera.	0
mrocznyrycerz	2	Wlej wszystkie składniki oprócz Coli do shakera.	0
mrocznyrycerz	3	Energicznie wstrząśnij.	0
mrocznyrycerz	4	Przecedź do szklanki wypełnionej lodem.	0
mrocznyrycerz	5	Uzupełnij Coca Colą.	0
mudslide	2	Wsyp lód do shakera.	0
mudslide	3	Dodaj wódkę, likier kawowy i baileys oraz śmietanę kremówkę.	0
mudslide	4	Energicznie wstrząśnij.	0
mudslide	5	Przecedź do schłodzonego kieliszka.	0
nakedandfamous	1	Wsyp lód do shakera.	0
nakedandfamous	2	Wlej wszystkie składniki.	0
nakedandfamous	3	Dobrze wstrząśnij.	0
nakedandfamous	4	Odcedź do schłodzonej szklanki koktajlowej.	0
negroni	1	 Wsyp dużą kostkę lodu do szklanki typu old fashioned.	0
negroni	2	Wlej wszystkie składniki.	0
negroni	3	Delikatnie wymieszaj.	0
negroni	4	Ozdób połową plasterka pomarańczy.	0
newyorksour	1	Wsyp lód do shakera.	0
newyorksour	2	Nasyp lodu do szklanki typu rocks.	0
newyorksour	3	Wlej wszystkie składniki oprócz wina do shakera.	0
newyorksour	4	Wstrząśnij energicznie.	0
newyorksour	5	Przecedź składniki do szklanki.	0
newyorksour	6	Delikatnie wlej wino na wierzch.	0
newyorksour	7	Ozdób skórką cytryny lub pomarańczy oraz wiśnią.	0
nosferatu	1	Wlej sok grapefuitowy i syrop cukrowy do shakera - bez lodu.	0
nosferatu	2	Wstrząśnij.	0
nosferatu	3	Przecedź do szklanki wypełnionej lodem.	0
nosferatu	4	Wlej do shakera gin, sok cytrynowy i sok z czarnej porzeczki - bez lodu.	0
nosferatu	5	Wstrząśnij.	0
nosferatu	6	Przelej po odwróconej łyżce delikatnie tak, by utworzyć warstwę.	0
novemberrain	1	Wyciśnij cytrynę i wrzuć do szklanki.	0
novemberrain	2	Dodaj miętę i ugnieć.	0
novemberrain	3	Dodaj wódkę, kostki lodu.	0
novemberrain	4	Uzupełnij Coca Colą.	0
oceanside	1	Wsyp lód do shakera.	0
oceanside	2	Wlej wszystkie składniki do shakera.	0
oceanside	3	Wstrząśnij.	0
oceanside	4	Przecedź do szklanki wypełnionej lodem.	0
oldcuban	1	Wsyp lód do shakera.	0
oldcuban	2	Wlej wszystkie składniki oprócz wina do shakera.	0
oldcuban	3	Dobrze wstrząśnij.	0
oldcuban	4	Przecedź do schłodzonej szklanki koktajlowej.	0
oldcuban	5	Dopełnij winem musującym.	0
oldcuban	6	Ozdób gałązkami mięty.	0
oldfashioned	1	Umieść kostkę cukru w szklance typu old fashioned.	0
oldfashioned	2	Nasącz cukier bittersami.	0
oldfashioned	3	Dodaj kilka kropli wody.	0
oldfashioned	4	Utłucz, aż cukier się rozpuści.	0
oldfashioned	5	Napełnij szklankę kostkami lodu.	0
oldfashioned	6	Dodaj whiskey.	0
oldfashioned	7	Delikatnie wymieszaj.	0
oldfashioned	8	Ozdób plasterkiem pomarańczy, skórką lub wiśnią koktajlową.	0
oldfield	1	Wsyp lód do shakera.	0
oldfield	2	Wlej wszystkie składniki do shakera.	0
oldfield	3	Wstrząśnij.	0
oldfield	4	Przecedź do szklanki wypełnionej lodem.	0
oldfield	5	Dodaj kawałek cytryny	0
oneofus	1	Wrzuć do szklanki pomarańczę pokrojoną w połówki plasterków i wlej syrop malinowy.	0
oneofus	2	Ugnieć.	0
oneofus	3	Wlej rum.	0
oneofus	4	Wsyp kruszony lód.	0
oneofus	5	Delikatnie zamieszaj łyżką.	0
oneofus	6	Uzupełnij Spritem.	0
oneonone	1	Wsyp lód do shakera.	0
oneonone	2	Wlej wszystkie składniki do shakera.	0
oneonone	3	Wstrząśnij.	0
oneonone	4	Przecedź do trzech kieliszków po 50 ml.	0
palmbay	1	Wsyp lód do shakera.	0
palmbay	2	Wlej wszystkie składniki do shakera.	0
palmbay	3	Wstrząśnij.	0
palmbay	4	Przecedź do szklanki wypełnionej lodem.	0
paloma	1	Wlej tequilę do szklanki typu highball.	0
paloma	2	Wyciśnij sok z limonki.	0
paloma	3	Dodaj lód i sól.	0
paloma	4	Dopełnij grapefruitową wodą sodową.	0
paloma	5	Delikatnie wymieszaj.	0
paloma	6	Ozdób plasterkiem limonki.	0
paperplane	1	Wsyp lód do shakera.	0
paperplane	2	Wlej wszystkie składniki.	0
paperplane	3	Dobrze wstrząśnij.	0
paperplane	4	Odcedź do schłodzonej szklanki koktajlowej.	0
paradise	1	Wsyp lód do shakera.	0
paradise	2	Wlej wszystkie składniki.	0
paradise	3	Dobrze wstrząśnij.	0
paradise	4	Odcedź do schłodzonej szklanki koktajlowej.	0
paradisecity	1	Wlej 120 ml. soku pomarańczowego i likier curacao do shakera bez lodu.	0
paradisecity	2	Wstrząśnij.	0
paradisecity	3	Przecedź do szklanki wypełnionej lodem.	0
paradisecity	4	Wlej wódkę, sok z cytryny i 150 ml. soku pomarańczowego do shakera bez lodu.	0
paradisecity	5	Wstrząśnij.	0
paradisecity	6	Po odwróconej łyżce wlej delikatnie by utworzyć drugą warstwę.	0
parttimelover	1	Wsyp lód do shakera.	0
parttimelover	2	Wódkę, grenadynę i sok grejpfrutowy wlej do shakera	0
parttimelover	3	Wstrząśnij	0
penicillin	1	Utlucz świeży imbir w shakerze.	0
penicillin	2	Dodaj pozostałe składniki oprócz whisky.	0
penicillin	3	Napełnij shaker lodem.	0
penicillin	4	Wstrząśnij.	0
penicillin	5	Wsyp lód do szklanki typu old fashioned.	0
penicillin	6	Przecedź dwukrotnie do schłodzonej szklanki.	0
penicillin	7	Delikatnie wlej whisky na wierzch.	0
penicillin	8	Ozdób kandyzowanym imbirem.	0
pigwowekamikaze	1	Wsyp lód do shakera.	0
pigwowekamikaze	2	Wlej wszystkie składniki do shakera.	0
pigwowekamikaze	3	Wstrząśnij.	0
pigwowekamikaze	4	Przecedź do 3 kieliszków 40ml.	0
pinacolada	1	Zblenduj wszystkie składniki z lodem w blenderze elektrycznym.	0
pinacolada	2	Wlej całą zawartość do dużej szklanki.	0
pinacolada	3	Podawaj ze słomkami.	0
pinacolada	4	Ozdób plasterkiem ananasa i wiśnią koktajlową.	0
piscosour	1	Wsyp lód do shakera.	0
piscosour	2	Wlej wszystkie składniki.	0
piscosour	3	Wstrząśnij	0
piscosour	4	Przecedź do schłodzonej szklanki typu goblet.	0
piscosour	5	Dodaj kilka kropli bittersa Amargo na wierzch jako aromatyczną ozdobę.	0
planterspunch	1	Wlej wszystkie składniki bezpośrednio do szklanki.	0
planterspunch	2	Ozdób skórką pomarańczy.	0
portoflip	1	Wsyp lód do shakera.	0
portoflip	2	Wlej wszystkie składniki.	0
portoflip	3	Dobrze wstrząśnij.	0
portoflip	4	Odcedź do schłodzonej szklanki koktajlowej.	0
portoflip	5	Posyp świeżo mielonym gałką muszkatołową.	0
privatedancer	1	Wsyp lód do shakera.	0
privatedancer	2	Wlej wódkę, likier i sok z cytryny do shakera.	0
privatedancer	3	Przecedź do szklanki wypełnionej lodem.	0
privatedancer	4	Dopełnij Spritem.	0
puccini	1	Wsyp lód do szklanicy barmańskiej.	0
puccini	2	Wlej puree brzoskwiniowe oraz proseco.	0
puccini	3	Delikatnie wymieszaj.	0
puccini	4	Przelej do schłodzonego kieliszka do szampana.	0
ramosfizz	1	Wsyp lód do shakera.	0
ramosfizz	2	Wlej wszystkie składniki, oprócz wody sodowej, do shakera	0
ramosfizz	3	Wstrząśnij przez dwie minuty.	0
ramosfizz	4	Przecedź dwukrotnie do szklanki.	0
ramosfizz	5	Wlej napój z powrotem do shakera i wstrząśnij mocno bez lodu przez minutę.	0
ramosfizz	6	Przecedź do szklanki typu highball	0
ramosfizz	7	Dopełnij wodą sodową.	0
readyornot	1	Wsyp lód do shakera.	0
readyornot	2	Wlej rum i malibou do shakera.	0
readyornot	3	Wstrząśnij.	0
readyornot	4	Przecedź do kieliszków.	0
readyornot	5	Do każdego kieliszka dodaj kilka kropli syropu curacao.	0
redfruitmojito	1	Pokrój limonkę na 6 części.	0
redfruitmojito	2	Wrzuć do szklanki, zasyp cukrem, dodaj pestki granatu.	0
redfruitmojito	3	Ugnieć.	0
redfruitmojito	4	Dodaj listki mięty oraz truskawki podzielone na 4 części.	0
redfruitmojito	5	Ugnieć.	0
redfruitmojito	6	Dodaj rum i lód kruszony.	0
redfruitmojito	7	Delikatnie zamieszaj łyżką.	0
redfruitmojito	8	Uzupełnij Spritem.	0
renegat	1	Wsyp lód do shakera.	0
renegat	2	Wszystkie składniki wlej do shakera.	0
renegat	3	Wstrząśnij.	0
renegat	4	Przecedź do szklanki wypełnionej lodem.	0
riverside	1	Wsyp lód do shakera.	0
riverside	2	Wlej wszystkie składniki do shakera.	0
riverside	3	Wstrząśnij.	0
riverside	4	Przecedź do szklanki wypełnionej lodem.	0
rossini	1	Wsyp lód do szklanicy barmańskiej.	0
rossini	2	Wlej puree brzoskwiniowe oraz proseco.	0
rossini	3	Delikatnie wymieszaj.	0
rossini	4	Przelej do schłodzonego kieliszka do szampana.	0
runawaytrain	1	Wlej vermouth, sok pomarańczowy oraz syrop cukrowy do shakera - bez lodu.	0
runawaytrain	2	Wstrząśnij.	0
runawaytrain	3	Przecedź do szklanki wypełnionej lodem.	0
runawaytrain	4	Wlej do shakera likier curacao oraz sok cytrynowy.	0
runawaytrain	5	Po odwróconej łyżce wlewam delikatnie tak by utworzyć drugą warstwę zawartość shakera.	0
russianspringpunch	1	Wsyp lód do shakera.	0
russianspringpunch	2	Wlej wszystkie składniki. oprócz wina musującego do shakera.	0
russianspringpunch	3	Dobrze wstrząśnij.	0
russianspringpunch	4	Wsyp lód do wysokiej szklanki typu tumbler.	0
russianspringpunch	5	Przecedź do schłodzonej szklanki typu tumbler.	0
russianspringpunch	6	Dopełnij winem musującym.	0
russianspringpunch	7	Ozdób jeżynami	0
rustynail	1	Wsyp lód do szklanki old fashioned.	0
rustynail	2	Wlej wszystkie składniki do szklanki.	0
rustynail	3	Delikatnie wymieszaj.	0
rustynail	4	Ozdób skórką cytryny.	0
sambadejaneiro	1	Dodaj lód, likier Curacao i sok z grefpfrua do shakera	0
sambadejaneiro	2	Wstrząśnij	0
sambadejaneiro	3	Przecedź do szklanki	0
sambadejaneiro	4	Delikatnie dolej wódkę	0
sambadejaneiro	5	Dopełnij sokiem pomarańczowym	0
satisfaction	1	Wsyp lód do shakera.	0
satisfaction	2	Wlej wszystkie składniki do shakera.	0
satisfaction	3	Wstrząśnij.	0
satisfaction	4	Przecedź do szklanki wypełnionej lodem.	0
sazerac	1	Opłucz schłodzoną szklankę typu old-fashioned absyntem.	0
sazerac	2	Dodaj kruszony lód i odstaw na bok.	0
sazerac	3	Wymieszaj pozostałe składniki z lodem w bramańskiej.	0
sazerac	4	Wylej lód i nadmiar absyntu z przygotowanej szklanki.	0
sazerac	5	Przecedź wymieszany napój do szklanki.	0
sazerac	6	Ozdób skórką cytryny.	0
seabreeze	1	Wsyp lód do szklanki highball.	0
seabreeze	2	Wlej wszystkie składniki do szklanki.	0
seabreeze	3	Ozdób skórką pomarańczy i wiśnią.	0
sexonthebeach	1	Wsyp lód do szklanki highball.	0
sexonthebeach	2	Wlej wszystkie składniki do szklanki.	0
sexonthebeach	3	Ozdób połową plasterka pomarańczy.	0
sidecar	1	Wsyp lód do shakera.	0
sidecar	2	Wlej wszystkie składniki.	0
sidecar	3	Dobrze wstrząśnij.	0
sidecar	4	Odcedź do schłodzonej szklanki koktajlowej.	0
sincity	1	Wsyp lód do shakera.	0
sincity	2	Wlej wszystkie składniki do shakera.	0
sincity	3	Wstrząśnij.	0
sincity	4	Przecedź do kieliszka.	0
singaporesling	1	Wsyp lód do shakera.	0
singaporesling	2	Wlej wszystkie składniki.	0
singaporesling	3	Dobrze wstrząśnij.	0
singaporesling	4	Przecedź do szklanki Hurricane.	0
singaporesling	5	Ozdób ananasem i wiśnią maraschino.	0
slonecznypatrol	1	Wsyp lód do shakera.	0
slonecznypatrol	2	Wlej wszystko oprócz grenadyny do shakera.	0
slonecznypatrol	3	Wstrząśnij.	0
slonecznypatrol	4	Przecedź do szklanki wypełnionej lodem.	0
slonecznypatrol	5	Dodaj powoli grenadynę.	0
smellsliketeenspirit	1	Wsyp lód do shakera.	0
smellsliketeenspirit	2	Wlej wszystkie składniki do shakera.	0
smellsliketeenspirit	3	Wstrząśnij.	0
smellsliketeenspirit	4	Przecedź do szklanki wypełnionej lodem.	0
smoothcriminal	1	Rozgnieć brzoskwinię i miętę w szklance.	0
smoothcriminal	2	Dodaj lód kruszony i wódkę.	0
smoothcriminal	3	Zamieszaj delikatnie łyżką.	0
smoothcriminal	4	Uzupełnij Spritem.	0
southpark	1	Wsyp lód do shakera.	0
southpark	2	Wlej wszystkie składniki do shakera.	0
southpark	3	Wstrząśnij.	0
southpark	4	Przecedź do szklanki wypełnionej lodem.	0
southside	1	Wsyp lód do shakera.	0
southside	2	Wlej wszystkie składniki.	0
southside	3	Dobrze wstrząśnij.	0
southside	4	Odcedź dwukrotnie do schłodzonej szklanki koktajlowej.	0
southside	5	Ozdób gałązkami mięty.	0
spicyfifty	1	Wsyp lód do shakera.	0
spicyfifty	2	Wlej wszystkie składniki.	0
spicyfifty	3	Dobrze wstrząśnij.	0
spicyfifty	4	Przecedź dwukrotnie do schłodzonej szklanki koktajlowej.	0
spicyfifty	5	Ozdób czerwoną papryczką chili.	0
spritz	1	Wsyp lód do kieliszka do wina.	0
spritz	2	Dodaj wszystkie składniki do kieliszka.	0
spritz	3	Delikatnie wymieszaj.	0
spritz	4	Ozdób plasterkiem pomarańczy.	0
standbyme	1	Wsyp lód do shakera.	0
standbyme	2	Wlej wszystkie składniki do shakera.	0
standbyme	3	Wstrząśnij.	0
standbyme	4	Przecedź do szklanki.	0
stepbystep	1	Wrzuć do szklanki pokrojoną w połówki plasterków pomarańczę.	0
stepbystep	2	Wlej syrop oraz wódkę.	0
stepbystep	3	Rozgnieć pomarańczę.	0
stepbystep	4	Dodaj kostki lodu.	0
stepbystep	5	Uzupełnij tonikiem.	0
stinger	1	Wsyp lód do szklanicy barmańskiej.	0
stinger	2	Wlej wszystkie składniki do szklanki	0
stinger	3	Dobrze wymieszaj	0
stinger	4	Przecedź do schłodzonego kieliszka martini.	0
streetsofphiladelphia	1	Wsyp lód do shakera.	0
streetsofphiladelphia	2	Wlej wszystkie składniki oprócz toniku do shakera.	0
streetsofphiladelphia	3	Energicznie wstrząśnij.	0
streetsofphiladelphia	4	Przecedź do szklanki wypełnionej lodem.	0
streetsofphiladelphia	5	Uzupełnij tonikiem.	0
sufferingbastard	1	Wsyp lód do shakera.	0
sufferingbastard	2	Wlej wszystkie składniki oprócz piwa imbirowego do shakera	0
sufferingbastard	3	Dobrze wstrząśnij.	0
sufferingbastard	4	Wlej nieprzecedzony napój do szklanki typu Collins.	0
sufferingbastard	5	Dopełnij piwem imbirowym.	0
sufferingbastard	6	Ozdób gałązkami mięty.	0
summerjam	1	Truskawki pokrój i wrzuć do szklanki.	0
summerjam	2	Dolej malibou.	0
summerjam	3	Ugnieć.	0
summerjam	4	Dodaj sok z cytryny oraz kostki lodu.	0
summerjam	5	Uzupełnij sokiem pomarańczowym.	0
tearsinheaven	1	Wrzuć do szklanki ćwiartkę limonki oraz bazylię i likier curacao.	0
tearsinheaven	2	Ugnieć.	0
tearsinheaven	3	Dodaj lód.	0
tearsinheaven	4	Wymieszaj.	0
tearsinheaven	5	Uzupełnij tonikiem.	0
tequilasunrise	1	Wsyp lód do szklanki highball.	0
tequilasunrise	2	Wlej tequilę i sok pomarańczowy do szklanki.	0
tequilasunrise	3	Dodaj grenadynę, aby uzyskać efekt chromatyczny (sunrise), nie mieszaj.	0
tequilasunrise	4	Ozdób połową plasterka pomarańczy lub skórką pomarańczy.	0
terazpolska	1	Do kieliszka wlej syrop malinowy	0
terazpolska	2	Po odwróconej łyżce wlej wódkę	0
terazpolska	3	Dodaj kilka kropli soku z cytryny	0
thetimeofmylife	1	Wsyp lód do shakera.	0
thetimeofmylife	2	Wlej wszystkie składniki do shakera.	0
thetimeofmylife	3	Wstrząśnij.	0
thetimeofmylife	4	Przecedź do szklanki wypełnionej lodem.	0
tintoretto	1	Wsyp lód do szklanicy barmańskiej.	0
tintoretto	2	Wlej puree brzoskwiniowe oraz proseco.	0
tintoretto	3	Delikatnie wymieszaj.	0
tintoretto	4	Przelej do schłodzonego kieliszka do szampana.	0
tipperary	1	Wsyp lód do szklanicy barmańskiej.	0
tipperary	2	Wlej wszystkie składniki do szklanicy.	0
tipperary	3	Dobrze wymieszaj.	0
tipperary	4	Odcedź do schłodzonej kieliszka martini.	0
tipperary	5	Ozdób plasterkiem pomarańczy.	0
tommysmargarita	1	Wsyp lód do shakera.	0
tommysmargarita	2	Wlej wszystkie składniki.	0
tommysmargarita	3	Dobrze wstrząśnij.	0
tommysmargarita	4	Odcedź do schłodzonej szklanki typu rocks wypełnionej lodem.	0
tommysmargarita	5	Ozdób plasterkiem limonki.	0
touchme	1	Wsyp lód do shakera.	0
touchme	2	Wlej wszystkie składniki oprócz Sprite do shakera.	0
touchme	3	Energicznie wstrząśnij.	0
touchme	4	Przecedź do szklanki wypełnionej lodem.	0
touchme	5	Uzupełnij Spritem.	0
touchme	6	Wrzuć pół plasterka pomarańczy.	0
toysoldier	1	Wsyp lód do shakera.	0
toysoldier	2	Wlej wszystkie składniki do shakera.	0
toysoldier	3	Wstrząśnij.	0
toysoldier	4	Przecedź do szklanki wypełnionej lodem.	0
trinidadsour	1	Wsyp lód do shakera.	0
trinidadsour	2	Wlej wszystkie składniki.	0
trinidadsour	3	Dobrze wstrząśnij.	0
trinidadsour	4	Odcedź do schłodzonej szklanki koktajlowej.	0
tuxedo	1	Wsyp lód do szklanicy barmańskiej.	0
tuxedo	2	Wlej wszystkie składniki do szklanicy.	0
tuxedo	3	Dobrze wymieszaj.	0
tuxedo	4	Odcedź do schłodzonej kieliszka martini.	0
tuxedo	5	Ozdób wiśnią i skórką cytryny.	0
twinpeaks	1	Wsyp lód do shakera.	0
twinpeaks	2	Wlej gin i sok grejpfruitowy do shakera.	0
twinpeaks	3	Wstrząśnij.	0
twinpeaks	4	Wlej do każdego kieliszka syrop curacao.	0
twinpeaks	5	Uzupełnij kieliszki zawartością shakera.	0
twoprincess	1	Wsyp lód do shakera.	0
twoprincess	2	Wlej wszystkie składniki oprócz wody sodowej do shakera.	0
twoprincess	3	Wstrząśnij.	0
twoprincess	4	Przecedź do szklanki z lodem.	0
twoprincess	5	Dopełnij wodą gazowaną.	0
underthebridge	1	Wsyp lód do shakera.	0
underthebridge	2	Wlej wszystkie składniki oprócz Coli do shakera.	0
underthebridge	3	Energicznie wstrząśnij.	0
underthebridge	4	Przecedź do szklanki wypełnionej lodem.	0
underthebridge	5	Uzupełnij Coca Colą.	0
underthebridge	6	Wrzuć plasterek cytryny.	0
upiorwoperze	1	Wsyp lód do shakera.	0
upiorwoperze	2	Wlej wszystkie składniki do shakera.	0
upiorwoperze	3	Wstrząśnij.	0
upiorwoperze	4	Przecedź do szklanki wypełnionej lodem.	0
vento	1	Wsyp lód do shakera.	0
vento	2	Wlej wszystkie składniki.	0
vento	3	Energicznie wstrząśnij.	0
vento	4	Napenij szklankę tumbler lodem	0
vento	5	Przecedź do szklalnki.	0
vento	6	Udekoruj skórką cytryny i białymi winogronami.	0
vesper	1	Wsyp lód do shakera.	0
vesper	2	Wlej wszystkie składniki.	0
vesper	3	Wstrząśnij.	0
vesper	4	Odcedź do schłodzonej szklanki koktajlowej.	0
vesper	5	Udekoruj skórką cytryny.	0
vieuxcarre	1	Wsyp lód do szklanicy bramańskiej.	0
vieuxcarre	2	Wlej wszystkie składniki.	0
vieuxcarre	3	Mieszaj dokładnie.	0
vieuxcarre	4	Przecedź do schłodzonego kieliszka koktajlowego.	0
vieuxcarre	5	Udekoruj skórką pomarańczy i wisienką maraschino.	0
viper	1	Wsyp lód do shakera.	0
viper	2	Wlej wszystkie składniki do shakera.	0
viper	3	Wstrząśnij.	0
viper	4	Przecedź do szklanki wypełnionej lodem.	0
wakabayashi	1	Wsyp lód do shakera.	0
wakabayashi	2	Wlej wszystkie składniki do shakera.	0
wakabayashi	3	Wstrząśnij.	0
wakabayashi	4	Przecedź do kieliszka.	0
walkoflife	1	Wsyp lód do shakera.	0
walkoflife	2	Wlej wódkę, syrop malinowy i sok wiśniowy do shakera.	0
walkoflife	3	Wstrząśnij.	0
walkoflife	4	Przecedź do szklanki wypełnionej lodem.	0
walkoflife	5	Uzupełnij tonikiem.	0
whiskeysour	1	Wsyp lód do shakera.	0
whiskeysour	2	Wlej wszystkie składniki.	0
whiskeysour	3	Dobrze wstrząśnij.	0
whiskeysour	4	Przecedź do kieliszka typu cobbler.	0
whiskeysour	5	Jeśli podawane "On the rocks", przecedź składniki do kieliszka typu old fashioned wypełnionego lodem.	0
whiskeysour	6	Udekoruj połową plasterka pomarańczy i wisienką maraschino.	0
whitelady	1	Wsyp lód do shakera.	0
whitelady	2	Wlej wszystkie składniki.	0
whitelady	3	Dobrze wstrząśnij.	0
whitelady	4	Odcedź do schłodzonej szklanki koktajlowej.	0
whiterussian	1	Wsyp lód do szklanki typu old fashioned	0
whiterussian	2	Wlej składniki do szklanki.	0
whiterussian	3	Delikatnie wymieszaj.	0
whiterussian	4	Na wierzcchu dodaj świeżej śmietany i delikatnie zamieszaj.	0
windofchange	1	Wsyp lód do shakera.	0
windofchange	2	Wlej wszystkie składniki do shakera.	0
windofchange	3	Wstrząśnij.	0
windofchange	4	Przecedź do szklanki wypełnionej lodem.	0
wscieklypies	1	Wlej do kieliszka sok malinowy	0
wscieklypies	2	Dolej wódkę	0
wscieklypies	3	Dodaj kilka kropli tabasco	0
yattaman	1	Wlej wódkę i sok z cytryny do szklanki.	0
yattaman	2	Wrzuć kawałki cytryny do szklanki.	0
yattaman	3	Dodaj kilka kostek lodu.	0
yattaman	4	Uzupełnij Coca Colą.	0
yellowbird	1	Wsyp lód do shakera.	0
yellowbird	2	Wlej wszystkie składniki.	0
yellowbird	3	Dobrze wstrząśnij.	0
yellowbird	4	Odcedź do schłodzonej szklanki koktajlowej.	0
zabojczabron	1	Wlej wódkę i dodaj pestki granatu do szklanki.	0
zabojczabron	2	Ugnieć.	0
zabojczabron	3	Dodaj lód.	0
zabojczabron	4	Uzupełnij sokiem z mango.	0
zabojczynumer	2	Wsyp lód do shakera.	0
zabojczynumer	3	Wlej gin oraz sok pomarańczowy do shakera.	0
zabojczynumer	4	Dodaj kilka kropli syropu curacao tak by zmienić kolor na zielony.	0
zabojczynumer	5	Wstrząśnij.	0
zabojczynumer	6	Przecedź do kieliszka.	0
zartropikow	1	Wypełnij szklankę kostkami lodu.	0
zartropikow	2	Wlej na dno grenadynę.	0
zartropikow	3	Delikatnie po odwróconej łyżce  wlej sok pomarańczowy.	0
zartropikow	4	Do shakera wlej rum oraz blue curacao - bez lodu.	0
zartropikow	5	Wstrząśnij.	0
zartropikow	6	Po odwróconej łyżce wlej delikatnie by utworzyć trzecią warstwę.	0
zombie	1	Dodaj 170g. kruszonego lodu do blendera.	0
zombie	2	Dodaj wszystkie składniki.	0
zombie	3	Za pomocą przycisku pulsacji miksuj przez kilka sekund.	0
zombie	4	Podawaj w wysokim szklance typu tumbler.	0
zombie	5	Udekoruj liśćmi mięty.	0
armageddon	7	Udekoruj pomarańczą.	1
aviation	5	Udekoruj wiśnia maraschino.	1
b52	4	Możesz drink podpalić zapalniczką i wypić przez słomkę.	1
barracuda	7	Udekoruj ananasem i wiśnią.	1
barracuda	8	Wrzuć gałązkę mięty dla dodatkowego aromatu.	1
beesknees	6	Udekoruj skórką cytryny lub pomarańczy.	1
bemylover	9	Udekoruj plasterkiem kiwi.	1
bluepinacolada	4	Udekoruj ananasem.	1
boombastic	6	Udekoruj miętą.	1
boulevardier	6	Ozdób skórką cytrynową.	1
bramble	7	Ozdób plasterkiem cytryny i jeżynami.	1
caipirinha	4	Seler, kawałek cytryny.	1
caipiroska	4	Seler, kawałek cytryny.	1
casinoroyale	5	Udekoruj pomarańczą.	1
castaway	5	Uderkoruj plasterkiem pomarańczy i wisienką koktailową.	1
cocoextasy	7	Udekoruj ananasem.	1
cruelsummer	5	Udekoruj plastrem ananasa.	1
devilinside	5	Udekoruj kawałkiem cytryny.	1
drymartini	6	Ozdób zielonymi oliwkami.	1
dzidzi	1	Udekoruj kieliszek crustą z grenadyny i cukru.	1
eternalflame	6	Udekoruj plasterkiem pomarańczy.	1
eyeofthetiger	7	Udekoruj plasterkiem grapefruita.	1
gangstaparadise	5	Udekoruj pomarańczą i wisienką koktailową.	1
ginfizz	7	Ozdób skórką cytryny.	1
grasshopper	5	Ozdób listkiem mięty.	1
gromwraju	5	Udekoruj cytryną i wisienką koktailową.	1
groundzero	9	Udekoruj pomarańczą, wisienką koktailową oraz miętą.	1
heartbreaker	5	Udekoruj pomarańczą.	1
johnybravo	5	Udekoruj pomarańczą i miechunką.	1
joyride	5	Udekoruj plasterkiem pomarańczy i plasterkiem karamboli.	1
kiwidaiquiri	6	Udekoruj plasterkiem kiwi.	1
labamba	6	Udekoruj owocami.	1
laislabonita	6	Udekoruj plasterkiem cytryny.	1
letsdance	5	Udekoruj cytryną i wisienką koktailową.	1
longislandicetea	4	Plasterek cytryny.	1
margarita	5	Połowa obwódki z solą.	1
margaritatruskawkowa	5	Udekoruj truskawką.	1
mimosa	5	Ozdób twistem skórki pomarańczy.	1
mojitozogorkiemiimbirem	8	Udekoruj plasterkiem ogórka i miętą.	1
mrocznyrycerz	6	Udekoruj plasterkiem pomarańczy.	1
mudslide	1	Polej wnętrze kieliszka syropem czekoladowym	1
mudslide	6	Udekoruj startą czekoladą.	1
nosferatu	7	Udekoruj plasterkiem grapefruita.	1
oceanside	5	Udekoruj pomarańczą i wisienką koktailową.	1
palmbay	5	Udekoruj ananasem.	1
parttimelover	4	Udekoruj połową plasterka pomarańczy.	1
redfruitmojito	9	Udekoruj miętą.	1
renegat	5	Uderkoruj połówką plastra pomarańczy.	1
riverside	5	Udekoruj pomarańczą i wisienką koktailową.	1
runawaytrain	6	Udekoruj pomarańczą.	1
russianspringpunch	8	Ozdób plasterkiem cytryny.	1
satisfaction	5	Udekoruj miechunką.	1
slonecznypatrol	6	Udekoruj plastrem pomarańczy i miętą.	1
smellsliketeenspirit	5	Udekoruj plasterkiem kiwi.	1
smoothcriminal	5	Udekoruj miętą.	1
southpark	5	Udekoruj miechunką i pomarańczą.	1
standbyme	5	Udekoruj plasterkiem pomarańczy.	1
stinger	5	Ozdób gałązką mięty.	1
streetsofphiladelphia	6	Udekoruj twistem z skórki cytryny.	1
sufferingbastard	7	Ozdób plasterkiem pomarańczy.	1
summerjam	6	Udekoruj plasterkiem pomarańczy i truskawką.	1
tearsinheaven	6	Udekoruj pozostałą ćwiartką limonki.	1
thetimeofmylife	5	Udekoruj skórką cytryny i listkami mięty.	1
toysoldier	5	Udekoruj pomarańczą.	1
twoprincess	6	Udekoruj listkami mięty.	1
upiorwoperze	5	Udekoruj pomarańczą, karambolą i wisienką koktailową.	1
viper	5	Udekoruj plasterkiami ananasa i pomarańczy.	1
wakabayashi	5	Udekoru na wierzchu startą czekoladą.	1
walkoflife	6	Udekoruj wisienką koktailową.	1
whiskeysour	7	Ozdób skórką pomarańczy.	1
windofchange	5	Udekoruj pomarańczą i miechunką.	1
zabojczynumer	1	Udekoruj brzeg kieliszka crustą z cukru i soku z cytryny.	1
zartropikow	7	Udekoruj plasterkiem ananasa i pomarańczy.	1